<?xml version="1.0" encoding="UTF-8"?>
<project-private xmlns="http://www.netbeans.org/ns/project-private/1">
    <editor-bookmarks xmlns="http://www.netbeans.org/ns/editor-bookmarks/2" lastBookmarkId="0"/>
    <open-files xmlns="http://www.netbeans.org/ns/projectui-open-files/2">
        <group>
            <file>file:/C:/Users/Chathura/Documents/NetBeansProjects/librarymng/src/java/controller/LoginServlet.java</file>
            <file>file:/C:/Users/Chathura/Documents/NetBeansProjects/librarymng/web/error.jsp</file>
            <file>file:/C:/Users/Chathura/Documents/NetBeansProjects/librarymng/src/java/dao/DBUtil.java</file>
            <file>file:/C:/Users/Chathura/Documents/NetBeansProjects/librarymng/web/addBook.jsp</file>
            <file>file:/C:/Users/Chathura/Documents/NetBeansProjects/librarymng/src/java/controller/BookServlet.java</file>
            <file>file:/C:/Users/Chathura/Documents/NetBeansProjects/librarymng/web/index.html</file>
            <file>file:/C:/Users/Chathura/Documents/NetBeansProjects/librarymng/web/dashboard.jsp</file>
            <file>file:/C:/Users/Chathura/Documents/NetBeansProjects/librarymng/src/java/model/Reservation.java</file>
            <file>file:/C:/Users/Chathura/Documents/NetBeansProjects/librarymng/web/reserveForm.jsp</file>
            <file>file:/C:/Users/Chathura/Documents/NetBeansProjects/librarymng/web/bookList.jsp</file>
            <file>file:/C:/Users/Chathura/Documents/NetBeansProjects/librarymng/src/java/model/Book.java</file>
            <file>file:/C:/Users/Chathura/Documents/NetBeansProjects/librarymng/web/viewReservations.jsp</file>
            <file>file:/C:/Users/Chathura/Documents/NetBeansProjects/librarymng/src/java/model/User.java</file>
            <file>file:/C:/Users/Chathura/Documents/NetBeansProjects/librarymng/src/java/controller/LogoutServlet.java</file>
            <file>file:/C:/Users/Chathura/Documents/NetBeansProjects/librarymng/src/java/dao/UserDAO.java</file>
            <file>file:/C:/Users/Chathura/Documents/NetBeansProjects/librarymng/src/java/controller/ReservationServlet.java</file>
            <file>file:/C:/Users/Chathura/Documents/NetBeansProjects/librarymng/src/java/dao/BookDAO.java</file>
            <file>file:/C:/Users/Chathura/Documents/NetBeansProjects/librarymng/web/login.jsp</file>
            <file>file:/C:/Users/Chathura/Documents/NetBeansProjects/librarymng/web/searchBook.jsp</file>
            <file>file:/C:/Users/Chathura/Documents/NetBeansProjects/librarymng/src/java/dao/ReservationDAO.java</file>
        </group>
    </open-files>
</project-private>
